instr,filter,CONDITION,FAILED_MC,condition_string,impurity_1,impurity_2,impurity_3,dissonance_1,dissonance_2,dissonance_3,neg_aff1,neg_aff2,neg_aff3,pos_aff1,pos_aff2,pos_aff3,embarrassed,ashamed,alientation_1,alientation_2,alientation_3,alientation_4,MCheck,age,male,decided_to_help,neutralDummy,failureDummy,inauthenticityDummy
1,1,0,0,neutral,1,1,1,1,1,6,3,2,3,2,1,1,1,1,2,1,1,2,2,30,2,0,1,0,0
1,1,0,0,neutral,1,1,1,2,2,2,4,2,3,5,6,5,1,1,3,3,2,2,2,31,1,0,1,0,0
1,1,0,0,neutral,1,1,1,2,2,2,2,2,2,5,5,2,5,2,5,2,2,2,2,29,1,0,1,0,0
1,1,0,0,neutral,1,1,1,1,1,1,1,1,1,6,6,6,1,1,1,1,1,1,2,33,2,0,1,0,0
1,1,0,0,neutral,1,1,1,1,1,1,1,1,1,4,5,6,4,4,1,1,1,1,2,20,1,0,1,0,0
1,1,0,0,neutral,2,2,2,3,2,2,1,1,2,4,4,4,2,2,2,2,2,2,2,18,1,1,1,0,0
1,1,0,0,neutral,1,1,1,2,1,1,1,1,1,5,5,2,1,1,2,2,2,2,2,31,1,1,1,0,0
1,1,0,0,neutral,1,1,1,1,1,1,1,1,1,5,5,4,1,1,2,2,1,1,2,39,1,0,1,0,0
1,1,0,0,neutral,1,1,1,1,1,1,1,1,1,6,6,5,1,1,2,1,1,1,2,33,1,0,1,0,0
1,1,0,0,neutral,1,1,1,1,1,1,5,1,5,6,6,5,1,1,1,1,1,1,2,28,1,0,1,0,0
1,1,0,0,neutral,1,1,1,2,5,6,4,4,5,5,5,2,6,5,3,2,3,4,2,28,2,0,1,0,0
1,1,0,0,neutral,1,1,1,1,1,1,1,1,1,6,6,6,1,1,4,1,1,1,2,29,1,0,1,0,0
1,1,0,0,neutral,2,1,1,5,5,5,3,2,2,2,2,2,5,5,4,3,5,3,2,34,1,0,1,0,0
1,1,0,0,neutral,1,1,1,1,1,1,1,1,1,6,7,6,1,1,1,1,1,1,2,19,2,0,1,0,0
1,1,0,0,neutral,1,1,1,1,1,1,1,1,1,7,7,7,1,1,7,1,1,1,2,22,2,1,1,0,0
1,1,0,0,neutral,1,1,1,1,1,1,1,1,1,4,5,2,2,2,1,1,1,1,2,21,2,0,1,0,0
1,1,0,0,neutral,4,7,1,1,1,1,1,1,1,7,7,7,1,1,1,1,1,1,2,28,1,0,1,0,0
1,1,0,0,neutral,1,1,1,1,1,1,1,1,1,7,7,7,1,1,1,1,1,1,2,40,2,0,1,0,0
1,1,0,0,neutral,1,1,1,1,1,1,1,1,1,2,2,1,1,1,2,2,2,2,2,30,1,0,1,0,0
1,1,0,0,neutral,1,1,1,5,5,6,1,1,1,3,3,3,5,1,2,1,1,1,2,27,2,0,1,0,0
1,1,0,0,neutral,1,1,1,2,2,5,5,4,5,4,4,2,2,2,2,2,2,2,2,23,2,0,1,0,0
1,1,0,0,neutral,1,1,1,1,1,1,1,1,1,7,7,7,1,1,1,1,1,1,2,21,2,1,1,0,0
1,1,0,0,neutral,1,1,1,5,5,6,5,3,3,3,3,3,4,4,1,1,1,3,2,31,2,0,1,0,0
1,1,0,0,neutral,2,2,2,2,2,6,6,2,2,4,5,3,2,5,2,2,2,2,2,45,1,0,1,0,0
1,1,0,0,neutral,1,1,1,1,1,1,1,1,1,6,6,7,1,1,1,1,1,1,2,29,1,0,1,0,0
1,1,0,0,neutral,1,1,1,1,1,1,1,1,1,5,5,5,1,1,1,1,1,1,2,31,1,1,1,0,0
1,1,0,0,neutral,1,1,1,1,1,1,1,1,1,6,6,5,1,1,2,2,1,1,2,19,1,0,1,0,0
1,1,0,0,neutral,1,1,1,1,5,5,5,1,1,6,6,7,3,1,1,1,6,1,2,20,2,0,1,0,0
1,1,0,0,neutral,1,1,1,4,4,4,4,4,4,4,4,4,4,4,4,4,4,4,2,37,2,0,1,0,0
1,1,0,0,neutral,1,1,1,1,1,1,1,1,1,6,6,5,2,1,1,1,1,1,2,35,2,0,1,0,0
1,1,0,0,neutral,1,1,1,1,1,1,1,1,1,6,6,4,1,1,1,1,1,1,2,58,2,0,1,0,0
1,1,0,0,neutral,1,1,1,5,5,4,4,4,6,1,3,1,6,6,5,2,5,2,2,24,2,0,1,0,0
1,1,0,0,neutral,1,1,1,1,1,1,1,1,1,5,5,3,1,1,1,1,1,1,2,20,2,0,1,0,0
1,1,0,0,neutral,1,1,1,1,1,1,1,1,1,5,5,5,1,1,1,1,1,1,2,30,2,0,1,0,0
1,1,0,0,neutral,1,1,1,1,1,1,1,1,1,5,5,1,1,1,1,1,1,1,2,24,1,0,1,0,0
1,1,0,0,neutral,1,1,1,3,4,3,1,1,5,5,6,4,4,4,3,4,1,1,2,37,2,1,1,0,0
1,1,0,0,neutral,1,1,1,1,1,1,1,1,1,7,7,7,1,1,3,1,1,1,2,28,1,0,1,0,0
1,1,0,0,neutral,1,1,1,4,4,6,2,2,2,2,3,2,2,2,4,2,1,1,2,35,2,0,1,0,0
1,1,0,0,neutral,1,1,1,1,1,1,1,1,1,4,4,4,1,1,1,1,1,1,2,31,2,0,1,0,0
1,1,0,0,neutral,1,1,1,6,6,6,5,5,5,3,3,2,5,6,1,1,1,1,2,40,1,0,1,0,0
1,1,0,0,neutral,1,1,1,3,3,5,5,1,5,2,2,2,2,2,5,3,3,3,2,34,2,0,1,0,0
1,1,0,0,neutral,1,1,1,1,1,1,1,1,1,5,6,2,1,1,2,1,1,1,2,23,2,0,1,0,0
1,1,0,0,neutral,3,2,2,5,2,5,3,2,3,3,3,2,2,2,3,2,5,4,2,22,1,0,1,0,0
1,1,0,0,neutral,1,1,1,1,1,1,1,1,1,6,6,2,1,1,5,1,1,1,2,26,1,0,1,0,0
1,1,0,0,neutral,1,1,1,1,1,1,1,1,1,5,5,4,1,1,1,1,1,1,2,22,2,1,1,0,0
1,1,0,0,neutral,1,1,1,1,2,5,5,7,7,5,5,3,1,2,6,5,7,5,2,29,2,0,1,0,0
1,1,0,0,neutral,1,1,1,1,1,1,1,1,1,6,6,6,1,1,1,1,1,1,2,31,2,0,1,0,0
1,1,0,0,neutral,1,1,1,1,1,1,1,1,1,7,7,4,1,1,1,1,1,1,2,26,2,0,1,0,0
1,1,0,0,neutral,1,1,1,2,2,2,2,4,3,5,6,1,2,2,3,3,5,2,2,18,2,1,1,0,0
1,1,0,0,neutral,1,7,1,6,7,5,1,1,1,1,1,1,1,4,1,1,1,1,2,31,2,1,1,0,0
1,1,0,0,neutral,1,1,2,1,1,1,1,1,1,7,7,7,1,1,1,1,1,1,2,28,1,0,1,0,0
1,1,0,0,neutral,1,1,1,5,5,5,1,1,1,4,5,3,1,1,1,1,1,1,2,33,2,1,1,0,0
1,1,0,0,neutral,1,1,1,3,5,3,1,1,1,6,6,6,1,1,1,1,1,1,2,37,2,0,1,0,0
1,1,0,0,neutral,1,1,1,6,6,6,2,2,2,2,2,2,7,7,1,1,3,1,2,21,1,0,1,0,0
1,1,0,0,neutral,1,3,5,7,7,5,5,5,6,1,1,1,3,6,5,5,6,6,2,25,2,0,1,0,0
1,1,0,0,neutral,1,1,1,1,1,1,1,1,1,4,5,1,1,1,1,1,1,1,2,22,2,0,1,0,0
1,1,0,0,neutral,1,1,1,2,2,2,2,2,2,6,6,4,3,3,1,1,1,1,2,31,2,1,1,0,0
1,1,0,0,neutral,1,1,1,1,1,1,1,1,1,6,6,7,2,2,1,1,1,1,2,20,1,0,1,0,0
1,1,0,0,neutral,1,2,1,1,1,1,1,1,1,7,7,7,1,1,1,1,1,1,2,18,2,0,1,0,0
1,1,0,0,neutral,1,1,1,1,1,1,1,1,1,7,7,7,1,1,1,1,1,1,2,19,1,0,1,0,0
1,1,0,0,neutral,1,1,1,1,1,1,1,1,1,6,6,6,1,1,3,2,5,2,2,20,2,0,1,0,0
1,1,0,0,neutral,1,1,1,1,1,6,2,2,2,6,5,4,2,2,5,2,2,2,2,20,2,0,1,0,0
1,1,0,0,neutral,1,1,1,1,1,1,1,1,1,7,7,7,1,1,1,1,1,1,2,28,2,0,1,0,0
1,1,0,0,neutral,1,1,1,1,1,1,1,1,1,5,6,6,2,3,6,5,6,3,2,37,2,0,1,0,0
1,1,0,0,neutral,1,1,1,5,5,2,1,1,1,7,7,6,1,1,1,1,1,1,2,35,2,0,1,0,0
1,1,0,0,neutral,1,3,1,5,4,4,6,6,2,5,5,5,5,4,2,2,2,4,2,18,2,0,1,0,0
1,1,0,0,neutral,5,5,3,4,6,5,4,6,4,5,5,3,5,4,4,3,3,5,2,22,2,0,1,0,0
1,1,0,0,neutral,1,1,1,5,5,5,1,1,1,2,2,2,2,2,1,1,1,1,2,22,2,1,1,0,0
1,1,0,0,neutral,1,1,1,1,1,1,1,1,1,6,6,6,1,1,2,2,2,2,2,21,2,0,1,0,0
1,1,0,0,neutral,1,1,1,2,4,2,2,2,2,4,4,3,2,2,2,2,2,2,2,21,1,0,1,0,0
1,1,0,0,neutral,2,1,1,5,3,4,4,2,5,4,4,3,3,2,2,1,1,1,2,28,1,0,1,0,0
1,1,0,0,neutral,1,1,1,1,1,1,1,1,1,4,5,6,1,1,1,1,1,1,2,30,1,0,1,0,0
1,1,0,0,neutral,1,1,1,5,4,7,1,1,1,1,1,1,1,1,1,1,1,1,2,57,2,0,1,0,0
1,1,0,0,neutral,1,1,1,1,1,1,1,1,1,6,6,5,1,1,1,1,1,1,2,29,1,0,1,0,0
1,1,0,0,neutral,2,2,2,6,6,6,3,3,3,2,2,2,2,2,2,2,2,2,2,31,2,0,1,0,0
1,1,0,0,neutral,1,1,1,5,5,2,1,1,1,5,5,6,2,2,2,2,2,2,2,28,1,0,1,0,0
1,1,0,1,neutral,2,2,5,5,6,6,2,2,2,2,2,2,3,3,3,2,2,2,1,32,2,1,1,0,0
1,1,0,0,neutral,1,1,1,2,2,3,5,3,5,2,2,1,2,5,3,3,3,3,2,26,2,0,1,0,0
1,1,0,0,neutral,1,1,1,1,1,1,1,1,1,6,7,5,2,1,2,1,1,1,2,21,1,0,1,0,0
1,1,0,0,neutral,1,1,1,1,1,1,1,1,2,6,6,6,2,1,1,1,1,1,2,23,2,0,1,0,0
1,1,0,0,neutral,1,1,1,5,5,5,4,4,4,4,4,4,4,4,5,4,4,4,2,28,1,0,1,0,0
1,1,0,0,neutral,1,1,1,1,1,1,1,7,1,4,4,4,4,4,4,4,4,4,2,33,1,0,1,0,0
1,1,0,0,neutral,1,1,1,2,2,5,2,2,5,3,3,2,2,2,5,5,6,5,2,25,1,0,1,0,0
1,1,0,0,neutral,1,1,1,1,1,6,7,1,1,1,1,1,5,1,1,1,1,1,2,24,2,0,1,0,0
1,1,0,0,neutral,3,2,2,2,2,3,3,2,5,4,5,6,3,4,3,2,2,2,2,30,1,0,1,0,0
1,1,0,0,neutral,1,1,1,1,1,2,1,1,3,5,6,7,1,2,1,1,5,5,2,26,1,0,1,0,0
1,1,0,0,neutral,1,1,1,2,2,1,1,1,1,4,4,3,1,1,2,1,1,1,2,37,2,0,1,0,0
1,1,0,0,neutral,1,1,1,1,1,1,1,1,1,5,5,4,1,1,2,2,1,1,2,30,1,1,1,0,0
1,1,0,0,neutral,1,1,1,2,2,2,2,1,1,3,3,1,1,1,1,1,1,1,2,37,2,1,1,0,0
1,1,0,0,neutral,1,1,1,1,1,3,1,1,1,6,6,5,1,1,2,2,2,2,2,21,1,0,1,0,0
1,1,0,0,neutral,1,1,1,4,4,5,4,1,1,1,1,1,1,1,7,4,5,4,2,34,2,0,1,0,0
1,1,0,0,neutral,1,1,1,2,2,2,2,2,2,5,5,4,2,2,2,2,2,2,2,21,2,0,1,0,0
1,1,0,0,neutral,1,1,1,1,1,1,1,1,1,6,7,4,1,1,1,1,5,2,2,32,1,1,1,0,0
1,1,0,0,neutral,2,1,1,5,5,3,1,1,2,6,7,5,5,2,1,2,2,1,2,25,1,1,1,0,0
1,1,0,0,neutral,1,1,1,1,1,1,1,1,1,7,7,7,1,1,1,1,1,1,2,22,2,0,1,0,0
1,1,0,0,neutral,1,1,1,1,1,1,1,1,1,6,6,6,1,1,1,1,1,1,2,25,2,0,1,0,0
1,1,0,0,neutral,1,1,1,2,2,1,1,1,1,5,5,2,1,1,2,2,1,1,2,23,2,0,1,0,0
1,1,0,0,neutral,1,1,1,3,5,2,1,1,1,1,1,1,3,2,2,3,3,3,2,29,1,0,1,0,0
1,1,0,0,neutral,5,1,4,7,6,6,3,1,2,1,2,1,1,1,1,2,6,7,2,29,1,0,1,0,0
1,1,0,0,neutral,1,1,1,1,1,1,1,1,1,5,6,5,1,1,1,1,1,1,2,40,2,0,1,0,0
1,1,1,0,inauthenticity,1,1,1,1,1,5,1,1,5,1,1,1,1,1,1,1,5,5,1,39,2,0,0,0,1
1,1,1,0,inauthenticity,2,2,2,5,5,3,5,3,5,2,2,2,5,5,6,6,6,6,1,36,2,0,0,0,1
1,1,1,0,inauthenticity,5,5,5,5,5,5,4,4,5,1,1,1,5,5,1,1,5,1,1,32,1,1,0,0,1
1,1,1,0,inauthenticity,6,6,6,7,7,7,7,6,7,1,1,1,6,6,1,1,5,5,1,31,2,1,0,0,1
1,1,1,0,inauthenticity,1,1,1,2,5,5,5,2,6,2,2,2,2,2,6,5,5,4,1,38,1,0,0,0,1
1,1,1,0,inauthenticity,4,2,1,3,3,4,4,4,5,2,2,1,5,5,4,5,5,4,1,18,2,0,0,0,1
1,1,1,0,inauthenticity,5,5,5,3,3,4,6,6,6,3,3,3,5,6,3,3,5,4,1,34,1,1,0,0,1
1,1,1,0,inauthenticity,2,2,2,6,5,5,2,2,5,2,2,2,7,6,2,1,1,3,1,31,1,0,0,0,1
1,1,1,0,inauthenticity,5,4,3,6,5,6,3,2,2,2,2,2,4,4,2,2,3,2,1,31,1,0,0,0,1
1,1,1,0,inauthenticity,3,5,6,4,6,6,5,6,6,1,1,1,5,5,1,3,2,5,1,46,2,1,0,0,1
1,1,1,0,inauthenticity,4,4,5,6,6,5,5,5,6,2,2,3,3,3,3,3,2,4,1,25,1,0,0,0,1
1,1,1,0,inauthenticity,1,1,1,7,6,5,1,1,1,4,4,6,5,1,1,1,1,1,1,31,2,0,0,0,1
1,1,1,0,inauthenticity,5,6,3,6,6,7,4,5,3,2,2,4,6,5,2,5,6,6,1,25,1,0,0,0,1
1,1,1,0,inauthenticity,4,6,7,7,6,6,3,4,3,1,1,1,5,4,4,4,5,5,1,35,1,1,0,0,1
1,1,1,0,inauthenticity,5,4,5,7,6,5,5,5,5,2,1,2,5,6,2,2,2,2,1,33,2,0,0,0,1
1,1,1,0,inauthenticity,7,7,7,7,7,7,5,5,5,1,2,2,5,7,2,5,6,6,1,38,1,1,0,0,1
1,1,1,0,inauthenticity,5,5,5,6,6,6,5,5,5,2,2,2,5,5,5,5,5,5,1,22,1,1,0,0,1
1,1,1,0,inauthenticity,5,4,4,6,6,6,5,4,5,1,1,1,5,5,4,4,4,4,1,29,2,1,0,0,1
1,1,1,0,inauthenticity,5,5,5,5,5,5,3,4,3,4,4,5,5,4,2,2,5,5,1,36,1,0,0,0,1
1,1,1,0,inauthenticity,7,7,7,7,7,7,7,7,7,1,1,1,7,7,1,2,7,7,1,29,1,1,0,0,1
1,1,1,0,inauthenticity,6,1,3,7,7,7,5,5,5,1,1,1,5,7,1,5,5,5,1,30,2,1,0,0,1
1,1,1,0,inauthenticity,3,3,3,5,5,5,2,2,3,2,2,2,2,4,5,4,5,4,1,23,1,0,0,0,1
1,1,1,0,inauthenticity,3,4,3,5,5,5,5,4,5,2,2,2,5,5,2,5,5,5,1,28,1,0,0,0,1
1,1,1,0,inauthenticity,2,5,6,5,6,6,7,7,7,1,1,1,6,6,2,4,5,6,1,31,1,0,0,0,1
1,1,1,1,inauthenticity,1,1,1,7,7,7,7,2,3,1,1,1,6,5,5,5,2,2,4,24,2,0,0,0,1
1,1,1,0,inauthenticity,6,6,3,1,1,1,1,1,1,1,1,1,1,1,4,4,3,4,1,23,2,1,0,0,1
1,1,1,0,inauthenticity,4,3,3,5,5,5,6,3,4,1,1,1,3,3,1,1,4,4,1,40,1,0,0,0,1
1,1,1,0,inauthenticity,3,4,4,3,4,3,4,5,4,5,5,4,5,4,3,4,5,4,1,55,1,0,0,0,1
1,1,1,0,inauthenticity,1,1,1,4,4,4,2,2,2,4,5,4,4,2,2,2,2,2,1,37,2,0,0,0,1
1,1,1,0,inauthenticity,1,1,1,1,1,1,1,1,1,4,3,1,1,1,5,2,5,2,1,27,2,0,0,0,1
1,1,1,0,inauthenticity,7,7,7,6,7,7,7,7,6,1,1,1,4,7,5,6,7,7,1,26,1,1,0,0,1
1,1,1,0,inauthenticity,4,2,1,5,5,6,3,4,6,1,1,1,5,4,1,1,6,1,1,24,2,0,0,0,1
1,1,1,0,inauthenticity,4,4,5,4,3,3,5,4,4,4,3,3,5,4,3,4,4,3,1,24,1,0,0,0,1
1,1,1,0,inauthenticity,3,2,4,5,5,5,5,4,6,2,2,3,4,5,5,5,6,6,1,21,2,0,0,0,1
1,1,1,0,inauthenticity,1,2,1,2,2,2,6,2,2,6,6,6,1,6,2,2,2,2,1,30,1,0,0,0,1
1,1,1,0,inauthenticity,5,5,5,6,6,6,3,5,5,3,3,3,7,6,2,2,7,7,1,29,1,0,0,0,1
1,1,1,0,inauthenticity,2,2,2,5,5,2,2,2,3,2,2,2,2,2,2,2,2,3,1,23,2,0,0,0,1
1,1,1,0,inauthenticity,1,1,1,1,1,1,1,1,1,1,1,1,1,1,2,4,5,5,1,31,1,0,0,0,1
1,1,1,0,inauthenticity,3,5,5,3,5,6,6,4,5,2,2,3,6,6,6,5,7,5,1,31,2,0,0,0,1
1,1,1,0,inauthenticity,5,2,2,7,7,7,7,7,7,2,2,2,6,5,6,7,7,7,1,32,1,0,0,0,1
1,1,1,0,inauthenticity,1,1,1,7,7,7,7,3,7,1,1,1,6,6,7,6,5,5,1,39,2,0,0,0,1
1,1,1,0,inauthenticity,1,1,1,2,2,2,5,5,5,2,2,2,5,5,2,2,2,2,1,34,2,0,0,0,1
1,1,1,0,inauthenticity,1,3,3,5,5,5,6,5,5,2,2,2,6,5,5,5,6,5,1,22,1,1,0,0,1
1,1,1,0,inauthenticity,6,6,6,4,5,5,3,6,3,1,1,2,5,6,4,4,5,4,1,30,1,1,0,0,1
1,1,1,0,inauthenticity,4,5,6,6,6,5,6,6,7,1,1,1,5,6,4,5,5,6,1,32,1,0,0,0,1
1,1,1,0,inauthenticity,1,1,1,7,7,7,4,4,4,1,1,1,1,1,1,1,1,1,1,32,1,0,0,0,1
1,1,1,0,inauthenticity,5,5,5,6,4,5,6,6,6,2,2,2,6,6,6,5,5,6,1,22,1,0,0,0,1
1,1,1,0,inauthenticity,1,1,1,1,1,1,1,1,1,1,4,1,1,1,1,1,1,1,1,27,1,0,0,0,1
1,1,1,0,inauthenticity,4,2,2,4,3,3,3,3,3,4,4,4,3,3,4,5,5,4,1,30,2,0,0,0,1
1,1,1,0,inauthenticity,5,5,5,5,5,5,5,5,5,1,1,1,2,5,1,1,1,1,1,36,1,0,0,0,1
1,1,1,0,inauthenticity,4,4,4,6,6,6,7,7,7,1,1,1,6,6,5,6,5,5,1,21,1,0,0,0,1
1,1,1,0,inauthenticity,5,4,5,6,6,6,7,6,7,2,2,2,6,6,2,2,6,6,1,32,1,0,0,0,1
1,1,1,0,inauthenticity,5,6,3,7,7,7,6,7,7,1,1,1,7,7,1,1,7,7,1,34,2,1,0,0,1
1,1,1,0,inauthenticity,1,1,1,5,1,1,1,1,1,2,2,2,2,2,1,1,1,1,1,24,2,0,0,0,1
1,1,1,0,inauthenticity,4,3,4,4,5,6,5,4,5,2,2,2,6,6,3,5,5,4,1,28,2,0,0,0,1
1,1,1,0,inauthenticity,5,6,5,5,5,6,6,5,5,3,2,3,5,6,2,5,5,5,1,21,1,0,0,0,1
1,1,1,0,inauthenticity,2,2,2,4,4,5,4,4,5,1,2,2,6,6,5,5,5,5,1,21,2,0,0,0,1
1,1,1,0,inauthenticity,7,7,7,7,7,7,7,7,7,1,1,1,4,4,5,6,7,7,1,31,2,1,0,0,1
1,1,1,0,inauthenticity,4,1,2,6,6,5,1,2,3,3,4,5,1,3,6,4,6,5,1,24,1,0,0,0,1
1,1,1,0,inauthenticity,6,6,6,6,4,5,5,6,6,6,5,5,5,4,5,6,5,5,1,29,1,1,0,0,1
1,1,1,0,inauthenticity,6,6,6,7,6,7,6,6,6,1,1,1,6,7,5,5,7,6,1,29,2,1,0,0,1
1,1,1,0,inauthenticity,1,1,2,5,4,5,5,6,6,1,1,1,4,4,4,2,3,4,1,35,1,0,0,0,1
1,1,1,0,inauthenticity,7,7,7,7,7,7,5,5,1,1,1,1,1,7,1,1,1,1,1,29,2,1,0,0,1
1,1,1,0,inauthenticity,2,2,2,5,5,5,5,5,5,2,2,2,4,4,2,2,2,2,1,27,1,0,0,0,1
1,1,1,0,inauthenticity,2,2,2,5,5,5,4,5,5,3,3,3,4,5,2,2,4,4,1,31,1,1,0,0,1
1,1,1,0,inauthenticity,5,4,3,6,5,7,5,5,5,2,1,4,4,4,2,5,6,5,1,26,2,1,0,0,1
1,1,1,0,inauthenticity,6,5,5,6,6,6,6,5,6,3,5,2,2,6,2,2,5,2,1,32,1,1,0,0,1
1,1,1,0,inauthenticity,5,4,6,6,6,7,7,7,6,3,5,5,6,7,1,1,1,1,1,38,1,0,0,0,1
1,1,1,0,inauthenticity,1,1,1,2,2,3,3,3,3,1,1,1,2,1,2,2,2,2,1,38,1,0,0,0,1
1,1,1,0,inauthenticity,4,4,5,6,7,7,7,7,7,1,2,1,7,7,6,5,6,4,1,37,2,0,0,0,1
1,1,1,0,inauthenticity,5,3,3,5,5,5,6,5,6,2,2,2,6,6,2,2,2,2,1,24,2,1,0,0,1
1,1,1,0,inauthenticity,5,4,4,6,6,6,5,4,4,3,3,3,5,5,3,4,6,6,1,23,2,0,0,0,1
1,1,1,0,inauthenticity,2,2,2,6,6,6,6,4,5,3,3,3,4,4,4,5,5,5,1,27,1,0,0,0,1
1,1,1,0,inauthenticity,6,6,6,5,5,6,6,6,6,2,2,2,6,6,6,6,6,6,1,31,1,1,0,0,1
1,1,1,0,inauthenticity,4,4,4,6,5,5,6,4,6,1,1,1,6,5,5,5,5,5,1,26,2,0,0,0,1
1,1,1,0,inauthenticity,5,5,5,6,6,6,5,6,6,1,1,2,3,5,5,5,5,5,1,22,1,0,0,0,1
1,1,1,0,inauthenticity,6,6,6,6,6,6,6,6,6,2,2,2,5,5,2,5,5,5,1,32,1,1,0,0,1
1,1,1,0,inauthenticity,1,1,1,5,5,5,1,1,1,1,1,1,1,1,2,4,4,5,1,22,1,0,0,0,1
1,1,1,0,inauthenticity,5,4,4,5,5,5,6,6,6,2,2,2,5,7,3,3,6,6,1,21,2,0,0,0,1
1,1,1,0,inauthenticity,5,3,3,7,7,7,5,3,5,1,1,1,4,5,5,5,5,5,1,36,2,0,0,0,1
1,1,1,0,inauthenticity,1,3,2,6,6,5,3,3,3,2,2,2,5,3,2,3,5,5,1,30,2,0,0,0,1
1,1,1,0,inauthenticity,3,1,4,7,7,7,4,3,3,2,2,2,4,2,3,3,5,4,1,27,2,0,0,0,1
1,1,1,0,inauthenticity,1,1,1,3,3,5,5,1,5,1,1,1,1,1,1,1,1,5,1,29,1,0,0,0,1
1,1,1,0,inauthenticity,2,1,2,7,6,5,7,6,7,1,2,1,5,6,1,6,7,6,1,34,2,0,0,0,1
1,1,1,0,inauthenticity,1,1,1,5,5,6,6,4,5,1,1,1,5,1,2,2,5,3,1,28,2,1,0,0,1
1,1,1,0,inauthenticity,1,1,2,7,7,7,7,5,5,1,1,1,1,1,1,1,1,1,1,39,1,1,0,0,1
1,1,1,0,inauthenticity,6,6,6,5,5,6,6,6,6,2,2,3,5,4,2,5,7,5,1,47,2,1,0,0,1
1,1,1,0,inauthenticity,5,4,4,3,5,4,4,5,6,1,1,2,2,3,6,6,6,5,1,19,1,0,0,0,1
1,1,1,0,inauthenticity,3,6,6,3,3,3,7,7,7,6,2,1,6,7,7,5,7,5,1,23,2,1,0,0,1
1,1,1,0,inauthenticity,6,6,6,6,6,6,6,6,6,2,2,2,6,6,6,6,6,6,1,40,1,1,0,0,1
1,1,1,0,inauthenticity,4,4,4,6,6,6,2,2,2,2,2,2,2,2,2,2,2,2,1,33,2,0,0,0,1
1,1,1,0,inauthenticity,5,4,5,6,6,6,7,7,7,1,1,1,6,6,4,3,6,6,1,28,1,0,0,0,1
1,1,1,0,inauthenticity,5,4,6,6,5,3,6,6,6,1,1,4,5,7,5,1,5,1,1,21,2,1,0,0,1
1,1,2,0,failure,6,5,5,3,4,4,5,4,5,5,6,5,5,4,5,4,5,5,4,28,1,0,0,1,0
1,1,2,0,failure,1,1,1,5,4,5,3,3,3,2,2,2,2,2,5,5,5,4,4,33,1,0,0,1,0
1,1,2,0,failure,3,6,6,6,6,7,7,7,7,1,1,1,7,7,2,2,2,2,4,25,2,0,0,1,0
1,1,2,0,failure,7,7,7,7,7,7,7,7,5,1,1,1,7,7,5,7,7,7,4,27,2,0,0,1,0
1,1,2,0,failure,1,1,1,1,1,1,1,1,2,1,1,1,1,1,1,1,1,1,4,35,1,0,0,1,0
1,1,2,0,failure,1,1,1,5,5,6,6,1,5,4,4,3,1,5,3,3,2,4,4,39,1,1,0,1,0
1,1,2,0,failure,3,2,3,6,6,6,6,5,5,1,1,1,6,6,5,5,6,6,4,24,1,0,0,1,0
1,1,2,0,failure,1,1,1,6,7,7,7,3,7,1,1,1,6,7,4,2,2,5,4,33,2,1,0,1,0
1,1,2,0,failure,1,1,1,5,5,7,5,5,7,1,1,1,5,2,3,3,2,5,4,58,2,0,0,1,0
1,1,2,0,failure,6,3,5,6,6,6,7,7,7,1,1,1,6,6,2,2,6,6,4,33,1,0,0,1,0
1,1,2,0,failure,1,1,1,1,1,1,1,1,4,1,1,1,1,5,1,1,4,1,4,32,2,0,0,1,0
1,1,2,0,failure,1,1,1,1,1,1,1,1,1,1,1,1,7,7,4,4,4,4,4,26,2,0,0,1,0
1,1,2,0,failure,1,1,1,5,6,6,6,5,6,1,1,1,5,5,1,1,1,1,4,36,2,0,0,1,0
1,1,2,0,failure,1,1,1,5,5,5,6,5,7,2,2,2,6,6,2,2,2,2,4,35,1,0,0,1,0
1,1,2,0,failure,1,1,1,1,1,7,5,1,5,1,1,1,1,1,1,1,1,1,4,39,2,0,0,1,0
1,1,2,0,failure,1,1,1,5,5,5,6,3,6,2,2,2,5,6,2,2,2,2,4,27,1,0,0,1,0
1,1,2,0,failure,4,4,5,5,6,5,6,6,6,3,3,4,3,4,3,3,3,3,4,34,1,0,0,1,0
1,1,2,0,failure,1,2,1,7,7,7,4,5,5,2,2,2,6,4,1,2,2,2,4,23,2,0,0,1,0
1,1,2,0,failure,4,4,3,6,6,6,7,4,7,1,1,3,7,6,2,3,3,4,4,21,2,0,0,1,0
1,1,2,0,failure,1,1,1,4,3,5,2,2,2,1,1,1,5,5,2,1,1,1,4,21,1,0,0,1,0
1,1,2,0,failure,2,2,2,3,3,6,5,3,5,2,2,3,3,3,3,2,2,2,4,34,2,0,0,1,0
1,1,2,0,failure,1,1,1,5,5,5,5,3,6,3,3,3,5,5,2,2,2,2,4,36,1,0,0,1,0
1,1,2,0,failure,1,1,1,6,6,5,4,3,5,2,2,2,5,4,2,2,2,2,4,39,2,1,0,1,0
1,1,2,0,failure,1,1,1,2,4,5,4,2,6,1,1,5,6,4,5,4,5,5,4,42,1,0,0,1,0
1,1,2,0,failure,1,1,1,1,1,5,5,2,5,2,2,1,6,5,1,1,1,1,4,33,1,0,0,1,0
1,1,2,0,failure,1,1,1,5,5,5,5,2,5,2,2,2,6,5,3,5,3,3,4,35,1,0,0,1,0
1,1,2,0,failure,1,1,1,5,5,4,4,4,4,4,3,3,3,3,4,5,4,4,4,38,1,0,0,1,0
1,1,2,0,failure,1,1,1,2,3,4,4,2,4,3,3,3,1,1,2,2,2,2,4,31,1,0,0,1,0
1,1,2,0,failure,1,1,3,6,5,6,6,5,6,1,1,1,6,6,1,6,6,7,4,22,2,0,0,1,0
1,1,2,0,failure,1,1,4,7,7,7,5,3,3,1,1,1,7,7,1,5,5,5,4,34,2,0,0,1,0
1,1,2,0,failure,2,1,4,6,5,5,6,4,5,2,1,1,5,5,2,3,5,4,4,22,1,1,0,1,0
1,1,2,0,failure,1,1,4,5,5,6,7,1,1,3,3,3,6,6,1,5,5,6,4,33,2,0,0,1,0
1,1,2,0,failure,1,1,1,6,6,5,5,4,5,1,1,1,4,4,6,5,5,4,4,35,2,0,0,1,0
1,1,2,0,failure,4,2,5,3,4,3,2,5,3,3,5,4,5,3,5,3,4,6,4,32,1,0,0,1,0
1,1,2,0,failure,1,1,1,6,6,6,4,4,4,1,1,1,5,5,2,2,2,2,4,28,1,0,0,1,0
1,1,2,0,failure,1,1,1,5,5,6,7,6,7,2,2,2,2,6,4,5,5,5,4,24,2,0,0,1,0
1,1,2,0,failure,5,5,5,5,6,6,6,7,7,1,1,1,7,6,5,6,6,7,4,23,2,0,0,1,0
1,1,2,0,failure,1,1,1,6,7,7,5,6,6,1,1,1,6,6,2,2,2,6,4,28,1,1,0,1,0
1,1,2,0,failure,1,1,1,5,5,7,2,1,4,2,2,2,6,2,2,1,1,1,4,54,1,0,0,1,0
1,1,2,0,failure,1,1,4,6,6,6,6,6,6,1,1,1,5,7,1,1,1,1,4,32,1,0,0,1,0
1,1,2,0,failure,6,6,7,7,7,7,5,5,5,1,1,1,5,5,2,5,5,5,4,35,2,0,0,1,0
1,1,2,0,failure,5,3,3,7,7,7,7,7,7,1,1,3,7,7,2,5,5,5,4,23,2,1,0,1,0
1,1,2,0,failure,1,1,1,5,3,6,6,1,6,1,1,1,6,5,2,2,3,2,4,35,2,0,0,1,0
1,1,2,0,failure,3,4,4,5,5,4,4,4,3,5,3,5,5,6,3,4,5,5,4,19,1,0,0,1,0
1,1,2,0,failure,1,1,1,5,5,5,5,5,5,1,1,1,1,4,4,4,6,6,4,48,2,1,0,1,0
1,1,2,0,failure,1,1,1,1,1,1,1,1,1,1,1,1,1,1,4,4,4,4,4,30,1,0,0,1,0
1,1,2,0,failure,1,1,1,2,2,5,2,1,3,2,2,2,3,1,2,3,2,2,4,35,1,0,0,1,0
1,1,2,0,failure,5,2,5,7,7,7,7,6,7,1,1,1,7,6,7,7,7,7,4,37,2,0,0,1,0
1,1,2,0,failure,1,1,1,6,6,6,7,7,7,2,2,2,7,7,2,2,6,2,4,30,2,0,0,1,0
1,1,2,0,failure,2,2,4,5,6,5,6,6,5,2,2,2,6,5,2,5,5,5,4,20,2,0,0,1,0
1,1,2,0,failure,1,1,1,5,5,5,6,6,7,2,2,5,5,5,1,1,1,1,4,25,2,0,0,1,0
1,1,2,0,failure,2,2,2,6,6,5,6,5,5,2,2,2,5,6,5,5,5,4,4,29,1,1,0,1,0
1,1,2,0,failure,1,1,1,1,5,5,5,1,5,1,1,1,1,1,3,3,1,1,4,20,2,0,0,1,0
1,1,2,0,failure,2,1,1,5,6,6,7,7,7,1,1,1,7,6,2,6,5,6,4,21,1,1,0,1,0
1,1,2,0,failure,1,1,1,2,2,5,2,2,2,2,2,2,5,5,2,3,5,5,4,55,2,0,0,1,0
1,1,2,0,failure,2,2,2,6,6,6,7,7,7,1,1,1,2,5,1,1,1,1,4,29,1,0,0,1,0
1,1,2,0,failure,1,1,1,2,2,6,6,2,6,2,2,2,2,2,2,2,2,2,4,40,2,0,0,1,0
1,1,2,0,failure,5,3,3,6,5,5,7,5,6,3,4,4,6,6,5,4,3,6,4,24,1,0,0,1,0
1,1,2,0,failure,5,6,6,5,5,5,6,7,7,2,2,2,6,6,5,5,6,6,4,38,2,0,0,1,0
1,1,2,0,failure,2,2,2,5,5,3,5,4,5,1,1,1,5,5,2,2,4,3,4,41,1,0,0,1,0
1,1,2,0,failure,1,1,1,5,5,5,6,2,5,2,2,2,2,5,3,2,2,2,4,23,2,0,0,1,0
1,1,2,0,failure,1,1,1,1,1,1,1,1,4,2,3,1,1,1,2,1,2,1,4,37,2,0,0,1,0
1,1,2,0,failure,1,1,1,6,6,6,7,7,7,1,1,1,7,7,4,5,6,5,4,32,2,0,0,1,0
1,1,2,0,failure,1,1,1,6,6,6,5,5,6,1,1,2,4,5,1,1,1,1,4,26,2,0,0,1,0
1,1,2,0,failure,1,1,1,7,6,7,2,2,2,1,2,4,2,1,2,2,2,2,4,38,2,0,0,1,0
1,1,2,0,failure,1,1,1,7,6,6,1,1,1,1,1,1,5,1,1,1,1,1,4,54,2,0,0,1,0
1,1,2,0,failure,5,6,7,7,7,7,7,7,7,1,1,1,7,7,6,7,7,7,4,32,2,1,0,1,0
1,1,2,0,failure,1,5,2,6,6,7,5,5,5,1,1,1,7,6,1,1,1,1,4,38,2,1,0,1,0
1,1,2,0,failure,1,1,1,2,2,5,5,1,5,2,2,2,1,1,1,1,1,1,4,27,2,1,0,1,0
1,1,2,0,failure,1,1,1,4,5,3,5,4,6,2,2,2,6,4,2,2,2,2,4,41,1,0,0,1,0
1,1,2,0,failure,1,1,1,5,5,6,6,3,6,1,1,1,5,5,1,1,1,1,4,31,2,0,0,1,0
1,1,2,0,failure,1,1,1,7,7,7,7,1,5,1,1,1,7,7,2,2,1,1,4,51,2,0,0,1,0
1,1,2,0,failure,1,1,1,1,5,5,1,1,1,6,6,1,1,1,1,1,1,1,4,25,1,0,0,1,0
1,1,2,0,failure,1,1,1,6,6,7,5,2,7,1,1,3,6,5,2,1,5,5,4,30,1,1,0,1,0
1,1,2,0,failure,2,3,3,6,5,6,6,5,6,3,2,2,6,5,6,5,5,5,4,22,1,0,0,1,0
1,1,2,0,failure,1,1,1,2,5,6,6,2,6,1,1,1,6,6,5,5,5,5,4,40,2,0,0,1,0
1,1,2,0,failure,1,1,1,1,1,1,1,1,1,5,5,5,1,1,2,2,2,2,4,59,1,0,0,1,0
1,1,2,0,failure,4,4,5,5,5,4,5,4,4,1,1,1,6,5,3,3,4,4,4,36,1,0,0,1,0
1,1,2,0,failure,4,3,5,5,7,4,7,7,7,4,4,3,5,5,2,4,7,7,4,21,1,0,0,1,0
1,1,2,0,failure,1,1,1,2,3,2,2,2,2,4,4,4,2,2,2,2,2,2,4,19,1,0,0,1,0
1,1,2,0,failure,2,1,3,5,6,5,5,4,6,1,1,2,5,4,5,2,3,3,4,22,1,0,0,1,0
1,1,2,0,failure,3,3,3,6,6,7,7,5,7,2,2,2,7,6,3,3,3,3,4,19,2,1,0,1,0
1,1,2,0,failure,1,1,1,1,1,2,1,1,1,2,2,2,3,3,1,1,1,1,4,28,2,0,0,1,0
1,1,2,0,failure,2,1,4,6,5,5,7,3,6,1,1,1,6,5,3,5,4,4,4,35,2,0,0,1,0
1,1,2,0,failure,1,1,5,5,5,5,5,4,5,2,2,2,7,5,5,2,2,2,4,23,1,0,0,1,0
1,1,2,0,failure,1,1,1,1,1,5,5,5,5,2,2,4,5,5,2,2,2,2,4,49,1,0,0,1,0
1,1,2,0,failure,1,1,1,2,2,3,3,1,3,2,3,3,2,2,6,4,6,6,4,29,2,1,0,1,0
1,1,2,0,failure,1,1,4,5,6,6,4,2,2,1,1,1,5,5,5,6,5,7,4,38,2,0,0,1,0
1,1,2,0,failure,2,1,2,6,6,7,7,7,7,1,1,4,7,7,3,2,2,2,4,28,2,0,0,1,0
1,1,2,0,failure,1,6,4,7,6,6,6,6,6,2,2,5,7,6,6,5,6,7,4,24,1,1,0,1,0
1,1,2,0,failure,2,2,4,6,6,6,6,6,6,1,1,1,6,6,1,5,5,5,4,29,2,0,0,1,0
1,1,2,0,failure,1,3,6,7,7,7,7,7,7,1,1,1,7,7,1,7,6,3,4,36,2,0,0,1,0
1,1,2,0,failure,3,2,2,2,2,6,5,2,6,1,1,3,5,6,2,6,7,6,4,23,1,0,0,1,0
1,1,2,1,failure,1,1,1,5,3,2,6,2,7,2,2,4,6,7,2,2,5,4,1,30,1,0,0,1,0
1,1,2,0,failure,3,5,6,6,6,6,5,4,5,2,2,2,6,5,2,5,6,6,4,29,2,0,0,1,0
1,1,2,0,failure,3,2,2,6,5,6,5,5,3,2,2,2,3,3,2,2,2,6,4,40,2,0,0,1,0
1,1,2,0,failure,7,7,7,7,7,7,7,7,7,1,1,1,1,7,1,1,1,1,4,40,2,1,0,1,0
1,1,2,0,failure,1,1,1,2,2,5,6,3,6,1,1,1,6,6,2,4,4,5,4,21,1,0,0,1,0
